nick,created,isProUser,type,consumedTrial,isVerified,pinUrl,pinAnchor,pinIsdefault,fullBodyPin,color,url,id,countryCode,brLevel,brDivision,streakProgress,explorerProgress,dailyChallengeProgress,progressXp,progressLevel,progressLevelxp,progressNextlevel,progressNextlevelxp,progressTitleId,progressTitleTierid,progressCompetitionmedalsBronze,progressCompetitionmedalsSilver,progressCompetitionmedalsGold,progressCompetitionmedalsPlatinum,competitiveElo_deprecated,competitiveRating_deprecated,competitiveLastratingchange_deprecated,competitiveDivisionType_deprecated,competitiveDivisionStartrating_deprecated,competitiveDivisionEndrating_deprecated,competitiveOnleaderboard_deprecated,lastNameChange,lastNickOrCountryChange,isBanned,chatBan,nameChangeAvailableAt,avatarFullbodypath,isBotUser,suspendedUntil,wallet,flair,isCreator,isAppAnonymous,rankedTeamDuelsStandardNumgamesplayed,rankedTeamDuelsStandardNumwins,rankedTeamDuelsStandardWinratio,rankedTeamDuelsNoMoveNumgamesplayed,rankedTeamDuelsNoMoveNumwins,rankedTeamDuelsNoMoveWinratio,rankedTeamDuelsNmpzNumgamesplayed,rankedTeamDuelsNmpzNumwins,rankedTeamDuelsNmpzWinratio,rankedTeamDuelsTotalNumgamesplayed,rankedTeamDuelsTotalNumwins,rankedTeamDuelsTotalWinratio,battleRoyaleDistanceNumgamesplayed,battleRoyaleDistanceAvgposition,battleRoyaleDistanceNumwins,battleRoyaleDistanceWinratio,battleRoyaleDistanceAvgguessdistance,battleRoyaleDistanceNumguesses,battleRoyaleCountryNumgamesplayed,battleRoyaleCountryAvgposition,battleRoyaleCountryNumwins,battleRoyaleCountryWinratio,battleRoyaleCountryNumguesses,battleRoyaleCountryAvgcorrectguesses,battleRoyaleMedalsMedalcountgold,battleRoyaleMedalsMedalcountsilver,battleRoyaleMedalsMedalcountbronze,competitiveCityStreaksNumgamesplayed,competitiveCityStreaksAvgposition,competitiveCityStreaksNumwins,competitiveCityStreaksWinratio,competitiveCityStreaksNumguesses,competitiveCityStreaksAvgcorrectguesses,competitiveStreaksMedalsMedalcountgold,competitiveStreaksMedalsMedalcountsilver,competitiveStreaksMedalsMedalcountbronze,duelsNumgamesplayed,duelsAvgposition,duelsNumwins,duelsWinratio,duelsAvgguessdistance,duelsNumguesses,duelsNumflawlesswins,duelsNoMoveNumgamesplayed,duelsNoMoveAvgposition,duelsNoMoveNumwins,duelsNoMoveWinratio,duelsNoMoveAvgguessdistance,duelsNoMoveNumguesses,duelsNoMoveNumflawlesswins,duelsNmpzNumgamesplayed,duelsNmpzAvgposition,duelsNmpzNumwins,duelsNmpzWinratio,duelsNmpzAvgguessdistance,duelsNmpzNumguesses,duelsNmpzNumflawlesswins,duelsTotalNumgamesplayed,duelsTotalAvgposition,duelsTotalNumwins,duelsTotalWinratio,duelsTotalAvgguessdistance,duelsTotalNumguesses,duelsTotalNumflawlesswins,duelsMedalsMedalcountgold,duelsMedalsMedalcountsilver,duelsMedalsMedalcountbronze,lifeTimeXpProgressionXp,lifeTimeXpProgressionCurrentlevelLevel,lifeTimeXpProgressionCurrentlevelXpstart,lifeTimeXpProgressionNextlevelLevel,lifeTimeXpProgressionNextlevelXpstart,lifeTimeXpProgressionCurrenttitleId,lifeTimeXpProgressionCurrenttitleTierid,lifeTimeXpProgressionCurrenttitleMinimumlevel,lifeTimeXpProgressionCurrenttitleName,totalMedalsMedalcountgold,totalMedalsMedalcountsilver,totalMedalsMedalcountbronze,teamDuelsNumgamesplayed,teamDuelsNumwins,teamDuelsWinratio,perfectRounds,divisionNumber,divisionName,rating,tier,gameModeRatingsNomoveduels,gameModeRatingsNmpzduels,divisionNumberBest,divisionPositionBest,divisionNameBest,divisionTierBest,gameModeRatingsStandardduels,positionDuelsLeaderboard,current_time
Radu C,2016-09-09,True,Pro,True,True,pin/55eacd62683a0ade2ab54f4f269b57fd.png,center-center,False,pin/95f6f99fba3e5ea937628fddd05c9576.png,0,/user/57d301d409f2efcce834fc94,57d301d409f2efcce834fc94,United States of America,132,50,,,0,899841,132,886280,133,904620,340,140,0,3,6,0,1602,2103,13,50,1100,1500,True,2024-01-05T16:24:45.4920000Z,2024-01-05T16:24:45.4920000Z,False,False,,pin/95f6f99fba3e5ea937628fddd05c9576.png,False,,,6,True,False,8,3,0.375,30,22,0.73333335,32,18,0.5625,70,43,0.6142857,44,2.159091,24,54.55,683.53,117,120,2.625,81,67.5,40,95.0,5,3,0,0,0.0,0,0.0,0,0.0,0,0,0,1058,1.1257089,925,87.43,183.4,9135,94,728,1.2225275,566,77.75,286.2,6513,76,177,1.2259887,137,77.4,437.72,1412,16,1963,1.1914085,1628,82.93,302.44,17060,186,1,0,0,899841,132,886280,133,904620,340,140,130,Supreme Explorer,6,3,0,17,16,0.9411765,1198,1,Champion,2149,Champion,2077,2057,1,1,Champion,Champion,,1,10-22-2024 22:52:45
mk,2018-11-20,True,Unlimited,False,True,pin/ab0c4dc9bbcd80695267a0c525ec3eff.png,center-center,False,pin/a57f8073e5c7a57d0af11087b34e5f0a.png,0,/user/5bf491faaac55b998458ed9a,5bf491faaac55b998458ed9a,United States of America,200,50,,,0,5170733,200,2782050,200,2782050,410,200,0,0,0,0,1251,1752,-22,50,1100,1500,True,2024-06-13T16:18:53.2890000Z,2024-06-13T16:18:53.2890000Z,False,False,,pin/a57f8073e5c7a57d0af11087b34e5f0a.png,False,,,2,False,False,16,7,0.4375,289,211,0.7301038,197,132,0.67005074,502,350,0.69721115,0,0.0,0,0.0,0.0,0,21,2.6666667,11,52.38,128,72.66,0,0,0,0,0.0,0,0.0,0,0.0,0,0,0,1259,1.3010325,880,69.9,384.96,10948,87,491,1.3441955,322,65.58,361.41,4819,24,145,1.4620689,78,53.79,862.96,1206,5,1895,1.369099,1280,67.55,536.44,16973,116,0,0,0,5170733,200,2782050,200,2782050,410,200,200,Ultimate Master Explorer,0,0,0,315,309,0.9809524,2552,1,Champion,2126,Champion,2018,1987,1,1,Champion,Champion,,2,10-22-2024 22:52:45
Geooo,2021-01-10,True,Elite,True,False,pin/3778b0770f9b337facbf54e79fdd6b96.png,center-center,False,pin/fad4954fad94dc84826b934c7654fdb2.png,0,/user/5ffb5e4975d2770001545cf5,5ffb5e4975d2770001545cf5,United Kingdom,200,50,,,0,3967213,200,2782050,200,2782050,410,200,7,14,62,0,1549,2050,8,50,1100,1500,True,2024-07-13T10:59:45.8780000Z,2024-07-13T10:59:45.8780000Z,False,False,,pin/fad4954fad94dc84826b934c7654fdb2.png,False,,,1,False,False,9,7,0.7777778,64,41,0.640625,34,25,0.7352941,107,73,0.682243,1685,4.2557864,357,21.19,714.93,10948,3778,3.8920064,1019,26.97,22628,71.13,49,12,7,53,1.8679246,28,0.5283019,810,0.745679,7,2,0,3147,1.2189387,2458,78.11,381.77,25853,99,2695,1.309833,1860,69.02,317.54,26181,117,2858,1.26662,2096,73.34,488.82,23867,209,8700,1.2651306,6414,73.72,396.04,75901,425,6,0,0,3967213,200,2782050,200,2782050,410,200,200,Ultimate Master Explorer,62,14,7,42,40,0.95238096,2348,1,Champion,2092,Champion,2045,2057,1,1,Champion,Champion,1813,3,10-22-2024 22:52:45
Blinky,2018-07-19,True,Unlimited,True,True,pin/700fe9f6857e5085cda458c41737bf51.png,center-center,False,pin/4f038a09f0fdf01ff5dad521b768e5b5.png,0,/user/5b51062a4010740f7cd91dd5,5b51062a4010740f7cd91dd5,France,200,50,,,0,3991130,200,2782050,200,2782050,410,200,2,2,18,0,1383,1884,15,50,1100,1500,True,2000-01-01T00:00:00.0000000Z,2000-01-01T00:00:00.0000000Z,False,False,,pin/4f038a09f0fdf01ff5dad521b768e5b5.png,False,,,6,True,False,63,56,0.8888889,60,43,0.71666664,53,39,0.7358491,176,138,0.78409094,204,3.1176472,91,44.61,279.45,486,518,2.7953668,242,46.72,1264,83.31,11,2,1,12,1.5833334,9,0.75,200,0.845,5,0,1,1252,1.0623003,1174,93.77,189.72,9854,25,168,1.2321428,129,76.79,279.72,1533,13,126,1.2460318,95,75.4,538.08,1030,14,1546,1.1801583,1398,90.43,335.84,12417,52,2,0,0,3991130,200,2782050,200,2782050,410,200,200,Ultimate Master Explorer,18,2,2,10,10,1.0,8522,1,Champion,2032,Champion,2004,,1,3,Champion,Champion,,4,10-22-2024 22:52:45
yak,2024-03-21,True,Unlimited,False,False,pin/9883ec3ba5f2af834c1b97e98db025e7.png,center-center,False,pin/98a07a38aed6fba3265d7aff079427ca.png,0,/user/65fc3453702bba73b4c0a398,65fc3453702bba73b4c0a398,Japan,80,50,,,0,237156,80,230200,81,238050,250,90,0,0,0,0,1199,1700,-18,50,1100,1500,True,2024-10-16T15:59:01.1580000Z,2024-10-16T15:59:01.1580000Z,False,False,2024-11-15T15:59:01.1580000Z,pin/98a07a38aed6fba3265d7aff079427ca.png,False,,,0,False,False,0,0,0.0,230,164,0.71304345,99,59,0.5959596,329,223,0.67781156,0,0.0,0,0.0,0.0,0,0,0.0,0,0.0,0,0.0,0,0,0,0,0.0,0,0.0,0,0.0,0,0,0,72,1.0694444,67,93.06,218.02,367,33,1399,1.4288777,799,57.11,401.63,13093,81,275,1.4545455,150,54.55,733.59,2292,17,1746,1.3176225,1016,58.19,451.08,15752,131,0,0,0,237156,80,230200,81,238050,250,90,80,Rookie Globetrotter,0,0,0,1,1,1.0,72,1,Champion,2031,Champion,1945,1903,1,4,Champion,Champion,,5,10-22-2024 22:52:45
Bad At Geo,2019-08-04,True,Pro,True,True,pin/9fd52b943073084a4dc6ca3c47d5048e.png,center-center,False,pin/5966282fdbb3febdcd984ad7d232cdca.png,0,/user/5d46b0bb3b4b6a4968620f7b,5d46b0bb3b4b6a4968620f7b,United Kingdom,200,50,,,0,4887796,200,2782050,200,2782050,410,200,6,9,35,0,1450,1951,-22,50,1100,1500,True,2024-02-28T09:35:58.4600000Z,2024-02-28T09:35:58.4600000Z,False,False,,pin/5966282fdbb3febdcd984ad7d232cdca.png,False,,,2,False,False,152,125,0.82236844,345,262,0.7594203,462,351,0.75974023,959,738,0.76955163,153,4.2287583,34,22.22,832.86,847,3222,3.5195532,1400,43.45,15099,74.28,19,7,3,43,1.6744186,26,0.60465115,636,0.6902516,5,2,3,3741,1.3231757,2532,67.68,514.6,20700,59,807,1.4163569,471,58.36,283.31,4330,70,1141,1.1752849,941,82.47,440.92,8497,190,5689,1.3049392,3944,69.33,412.94,33527,319,11,0,0,4887796,200,2782050,200,2782050,410,200,200,Ultimate Master Explorer,35,9,6,137,126,0.919708,2133,1,Champion,2028,Champion,,2012,1,2,Champion,Champion,,6,10-22-2024 22:52:45
PANZERFAUST,2023-11-05,True,Unlimited,False,False,pin/c82395afc2ba0c599628cb030ebf9a4a.png,center-center,False,pin/79160bc3b73c0c3d38f05a7966a2a379.png,0,/user/6547dabad446a83878a53a18,6547dabad446a83878a53a18,United Kingdom,200,50,,,0,2905827,200,2782050,200,2782050,410,200,0,0,0,0,593,1094,2,40,850,1100,True,2024-09-22T00:53:06.6980000Z,2024-09-22T00:53:06.6980000Z,False,False,2024-10-22T00:53:06.6980000Z,pin/79160bc3b73c0c3d38f05a7966a2a379.png,False,,,0,False,False,0,0,0.0,13,13,1.0,1,0,0.0,14,13,0.9285714,0,0.0,0,0.0,0.0,0,0,0.0,0,0.0,0,0.0,0,0,0,0,0.0,0,0.0,0,0.0,0,0,0,223,1.0448431,213,95.52,382.98,1080,106,88,1.0568181,83,94.32,244.6,604,24,2,1.5,1,50.0,936.88,16,0,313,1.2005538,297,94.89,521.49,1700,130,0,0,0,2905827,200,2782050,200,2782050,410,200,200,Ultimate Master Explorer,0,0,0,0,0,0.0,542,2,Master I,2012,Master,1973,,3,1,Master II,Master,1550,7,10-22-2024 22:52:45
leero,2022-10-03,True,Pro,True,True,pin/78d0410f1a93c188ae414f53412a16a8.png,center-center,False,pin/281291a0d041822dba7b7322edae6204.png,0,/user/633a62ba560e8238dea97807,633a62ba560e8238dea97807,Australia,200,50,,,0,3624141,200,2782050,200,2782050,410,200,0,0,0,0,1506,2007,13,50,1100,1500,True,2022-11-09T23:43:40.1680000Z,2022-11-09T23:43:40.1680000Z,False,False,,pin/281291a0d041822dba7b7322edae6204.png,False,,,2,False,False,6,5,0.8333333,60,49,0.81666666,41,33,0.80487806,107,87,0.8130841,3,6.0,0,0.0,774.63,7,5,3.4,1,20.0,16,87.5,0,0,0,0,0.0,0,0.0,0,0.0,0,0,0,296,1.2567568,220,74.32,336.31,2510,1,199,1.241206,151,75.88,251.45,1962,10,98,1.1326531,85,86.73,565.36,720,14,593,1.2102053,456,76.9,384.37,5192,25,0,0,0,3624141,200,2782050,200,2782050,410,200,200,Ultimate Master Explorer,0,0,0,0,0,0.0,64,1,Champion,1975,Champion,,,1,3,Champion,Champion,,8,10-22-2024 22:52:45
yeeboiiiiiiiiiiiiii,2017-08-11,True,Pro,True,False,pin/c4b3dac2a4ad957e08e056d60e9800c9.png,center-center,False,pin/ab174ced8236a14367b2fb9db647ff68.png,0,/user/598e0f3d43a1435770463715,598e0f3d43a1435770463715,Norway,150,50,,,0,1265935,150,1255700,151,1278760,360,160,0,1,0,0,1290,1791,-13,50,1100,1500,True,2024-02-13T20:35:31.4310000Z,2024-02-13T20:35:31.4310000Z,False,False,,pin/ab174ced8236a14367b2fb9db647ff68.png,False,,,0,False,False,12,8,0.6666667,68,45,0.6617647,39,29,0.74358976,119,82,0.68907565,58,4.5172415,16,27.59,1047.57,113,284,5.3415494,32,11.27,37,54.05,0,0,0,2,3.5,0,0.0,61,0.5081967,0,1,0,311,1.3215435,211,67.85,611.43,2422,0,323,1.3405572,213,65.94,367.19,2989,10,207,1.4396136,116,56.04,690.98,1798,6,841,1.367238,540,64.21,556.53,7209,16,0,0,0,1265935,150,1255700,151,1278760,360,160,150,Supreme Explorer Elite,0,1,0,19,16,0.84210527,206,1,Champion,1969,Champion,1913,1929,1,8,Champion,Champion,,9,10-22-2024 22:52:45
ved,2023-06-08,True,Unlimited,False,False,pin/742ecf7479125be33e50aadca4d13850.png,center-center,False,pin/6a39e4c487cf2b90e9d77fdcdc6a9391.png,0,/user/6481f8ff0e7bd0442dec3fcf,6481f8ff0e7bd0442dec3fcf,Antigua and Barbuda,40,50,,,0,38442,40,37650,41,40070,130,50,0,0,0,0,1427,1928,12,50,1100,1500,True,2024-03-09T19:59:52.3890000Z,2024-03-09T19:59:52.3890000Z,False,False,,pin/6a39e4c487cf2b90e9d77fdcdc6a9391.png,False,,,0,False,False,9,7,0.7777778,10,9,0.9,7,5,0.71428573,26,21,0.8076923,0,0.0,0,0.0,0.0,0,0,0.0,0,0.0,0,0.0,0,0,0,0,0.0,0,0.0,0,0.0,0,0,0,16,1.125,14,87.5,353.82,61,9,69,1.2028985,55,79.71,361.15,579,8,167,1.1796408,137,82.04,498.29,1239,29,252,1.1691798,206,81.75,404.42,1879,46,0,0,0,38442,40,37650,41,40070,130,50,40,Rookie Voyager,0,0,0,0,0,0.0,23,1,Champion,1964,Champion,,1976,1,6,Champion,Champion,,10,10-22-2024 22:52:45
V89,2018-12-03,True,Unlimited,True,True,pin/091f89f7fb79af0547468555381f1c4b.png,center-center,False,pin/f8393e5e2c7bdcd9e6675a58498808fe.png,0,/user/5c04ec3b43196563803ba61f,5c04ec3b43196563803ba61f,Kazakhstan,200,50,,,0,4069600,200,2782050,200,2782050,410,200,1,0,1,0,1616,2117,-19,50,1100,1500,True,2023-12-04T18:05:13.8450000Z,2023-12-04T18:05:13.8450000Z,False,False,,pin/f8393e5e2c7bdcd9e6675a58498808fe.png,False,,,2,False,False,2,2,1.0,695,501,0.7208633,230,148,0.6434783,927,651,0.7022654,3,2.6666667,0,0.0,634.74,32,36,2.9166667,14,38.89,230,60.87,0,0,1,0,0.0,0,0.0,0,0.0,0,0,0,1419,1.250881,1063,74.91,620.67,11779,1,682,1.2991202,478,70.09,265.43,6373,27,977,1.1535312,827,84.65,527.4,7560,122,3078,1.2345108,2368,76.93,471.17,25712,150,1,0,0,4069600,200,2782050,200,2782050,410,200,200,Ultimate Master Explorer,1,0,1,6,6,1.0,432,1,Champion,1953,Champion,1979,1950,1,1,Champion,Champion,,11,10-22-2024 22:52:45
[TNT] Kirania,2018-12-15,True,Pro,True,True,pin/0b61f84869fd83636288e0a9479b6534.png,center-center,False,pin/8bed40eaa71dfa41666048944c86f322.png,0,/user/5c14f357ff3dc98d883d182c,5c14f357ff3dc98d883d182c,Australia,200,50,,,0,5006931,200,2782050,200,2782050,410,200,5,8,7,0,1317,1818,-24,50,1100,1500,True,2022-08-12T03:36:10.2210000Z,2022-08-12T03:36:10.2210000Z,False,False,,pin/8bed40eaa71dfa41666048944c86f322.png,False,,,2,False,False,1,0,0.0,24,18,0.75,11,9,0.8181818,36,27,0.75,135,2.911111,58,42.96,920.06,1027,256,2.1640625,135,52.73,1864,76.07,4,3,4,27,2.2962964,11,0.4074074,375,0.68266666,3,5,1,2588,1.2894126,1839,71.06,541.4,20169,13,1116,1.3655914,708,63.44,336.83,11156,33,3207,1.2023698,2558,79.76,553.63,24952,340,6911,1.2857913,5105,73.87,477.29,56277,386,0,0,0,5006931,200,2782050,200,2782050,410,200,200,Ultimate Master Explorer,7,8,5,0,0,0.0,551,1,Champion,1950,Champion,1833,1976,1,12,Champion,Champion,1767,12,10-22-2024 22:52:45
russia?!,2017-09-02,True,Pro,True,False,pin/8a0ccaa2d1993ade29efdfd5dd693674.png,center-center,False,pin/384c1ba2bf45a70e82d5ba2ff18105a8.png,0,/user/59aaed5143a14357704acb9a,59aaed5143a14357704acb9a,United States of America,63,50,,,0,121865,63,121630,64,126800,200,70,0,0,0,0,-70,431,-14,10,0,450,True,2024-10-07T14:21:22.5050000Z,2024-10-07T14:21:22.5050000Z,False,False,2024-11-06T14:21:22.5050000Z,pin/384c1ba2bf45a70e82d5ba2ff18105a8.png,False,,,0,False,False,19,17,0.8947368,13,11,0.84615386,4,3,0.75,36,31,0.8611111,24,4.25,4,16.67,2057.3,109,884,4.684389,101,11.43,2847,39.62,0,0,0,0,0.0,0,0.0,0,0.0,0,0,0,291,1.4707904,154,52.92,1058.96,1731,48,182,1.3626374,116,63.74,744.75,1277,23,10,1.2,8,80.0,308.57,91,0,483,1.3444759,278,57.56,704.1,3099,71,0,0,0,121865,63,121630,64,126800,200,70,63,Pathfinder,0,0,0,0,0,0.0,132,3,Master II,1948,Master,1856,1924,4,1,Gold I,Gold,1606,13,10-22-2024 22:52:45
Gorka1311,2018-01-04,True,Unlimited,True,False,pin/7c3b7909ffbea8f0ee6b912001fc24f8.png,center-center,False,pin/7ca8ad6a994f93853da35b6c1c91fe31.png,0,/user/5a4e3f8057f1750a400a8050,5a4e3f8057f1750a400a8050,Spain,160,50,,,0,1512734,160,1499030,161,1524950,370,170,0,0,0,0,1444,1945,15,50,1100,1500,True,2024-05-05T11:24:51.9550000Z,2024-05-05T11:24:51.9550000Z,False,False,,pin/7ca8ad6a994f93853da35b6c1c91fe31.png,False,2024-02-08T10:48:00.0000000Z,,0,False,False,5,2,0.4,122,87,0.71311474,71,42,0.5915493,198,131,0.66161615,4,6.5,1,25.0,555.15,18,252,3.5357144,109,43.25,175,80.57,0,0,0,0,0.0,0,0.0,0,0.0,0,0,0,798,1.2042607,635,79.57,341.84,6441,13,788,1.2411168,598,75.89,359.55,6966,49,536,1.2238806,416,77.61,669.25,3926,60,2122,1.223086,1649,77.71,456.88,17333,122,0,0,0,1512734,160,1499030,161,1524950,370,170,160,Ultimate Explorer,0,0,0,23,23,1.0,784,1,Champion,1945,Champion,1935,,1,5,Champion,Champion,,14,10-22-2024 22:52:45
Eamonn,2020-01-27,True,Pro,True,True,pin/9ac0182de1bab15c61c01bb9ceb91f2b.png,center-center,False,pin/54091d4c7c51c7e8aaa07698b59eb83c.png,0,/user/5e2e983722bbda85a40e9009,5e2e983722bbda85a40e9009,New Zealand,197,50,,,0,2676016,197,2667200,198,2705130,400,200,5,4,29,0,1327,1828,-18,50,1100,1500,True,2022-07-04T05:41:56.6730000Z,2022-07-04T05:41:56.6730000Z,False,False,,pin/54091d4c7c51c7e8aaa07698b59eb83c.png,False,,,2,False,False,66,36,0.54545456,215,150,0.6976744,117,69,0.5897436,398,255,0.6407035,199,3.7839196,54,27.14,885.76,527,1462,3.5793433,444,30.37,6791,74.61,25,4,3,15,2.0666666,8,0.53333336,323,0.6965944,1,0,2,1045,1.2239234,811,77.61,394.6,8039,12,362,1.301105,253,69.89,320.17,3480,16,77,1.3636364,49,63.64,693.72,631,7,1484,1.2962216,1113,75.0,469.49,12150,35,3,0,0,2676016,197,2667200,198,2705130,400,200,190,Ultimate Explorer Elite,29,4,5,1,1,1.0,748,1,Champion,1944,Champion,1893,,1,6,Champion,Champion,,15,10-22-2024 22:52:45
abeme,2021-12-30,True,Unlimited,False,False,pin/f387cf4ae397b9fa2aa284ef8d7703f1.png,center-center,False,pin/1035f312c46948906736e48862ef11b5.png,0,/user/61cdfc02f6470200011a0caa,61cdfc02f6470200011a0caa,Russian Federation,144,50,,,0,1144084,144,1123060,145,1144490,350,150,0,0,0,0,1337,1838,11,50,1100,1500,True,2024-10-17T15:33:54.6950000Z,2024-10-17T15:33:54.6950000Z,False,False,2024-11-16T15:33:54.6950000Z,pin/1035f312c46948906736e48862ef11b5.png,False,,,0,False,False,20,10,0.5,926,631,0.6814255,329,225,0.6838906,1275,866,0.67921567,19,2.631579,9,47.37,322.36,273,929,3.0710442,206,22.17,6303,61.94,0,0,0,0,0.0,0,0.0,0,0.0,0,0,0,663,1.4826546,343,51.73,832.13,4841,34,4555,1.4346871,2575,56.53,493.2,42240,133,1865,1.5656836,810,43.43,1554.56,12750,105,7083,1.4943419,3728,52.63,959.97,59831,272,0,0,0,1144084,144,1123060,145,1144490,350,150,140,Supreme Explorer Pro,0,0,0,59,57,0.9661017,228,1,Champion,1935,Champion,1895,,1,9,Champion,Champion,,16,10-22-2024 22:52:45
Finbarr,2018-12-02,True,Unlimited,True,True,pin/4f3fb7a8caeb7be5eb356d7a5093d1a1.png,center-center,False,pin/107d71f22b0694165913c3892420fb6f.png,0,/user/5c03eed1b5b94ba700403005,5c03eed1b5b94ba700403005,Ireland,194,50,,,0,2564398,194,2555540,195,2592410,400,200,0,0,0,0,1333,1834,16,50,1100,1500,True,2000-01-01T00:00:00.0000000Z,2000-01-01T00:00:00.0000000Z,False,False,,pin/107d71f22b0694165913c3892420fb6f.png,False,,,2,False,False,15,12,0.8,91,55,0.6043956,93,59,0.6344086,199,126,0.63316584,15,3.0,3,20.0,679.55,71,198,3.2020202,65,32.83,363,61.98,0,0,0,0,0.0,0,0.0,0,0.0,0,0,0,645,1.3038759,449,69.61,438.02,5747,9,540,1.324074,365,67.59,344.52,5087,31,9,1.3333334,6,66.67,567.75,72,0,1194,1.3204278,820,68.68,450.1,10906,40,0,0,0,2564398,194,2555540,195,2592410,400,200,190,Ultimate Explorer Elite,0,0,0,29,28,0.9655172,2870,1,Champion,1930,Champion,1891,,1,13,Champion,Champion,,17,10-22-2024 22:52:45
fontes,2020-01-29,True,Elite,True,True,pin/2e72ca64fd87089b339c8b8cbee580d8.png,center-center,False,pin/b4cb3f0fed52ea2a7d54b1e7ec58a4d6.png,0,/user/5e31a44c1e34a034bc09d438,5e31a44c1e34a034bc09d438,Portugal,197,50,,,0,2693918,197,2667200,198,2705130,400,200,0,0,0,0,1452,1953,13,50,1100,1500,True,2023-01-12T16:43:29.3260000Z,2023-01-12T16:43:29.3260000Z,False,False,,pin/b4cb3f0fed52ea2a7d54b1e7ec58a4d6.png,False,2024-02-02T09:00:20.6220000Z,,3,False,False,2,1,0.5,30,12,0.4,17,8,0.47058824,49,21,0.42857143,0,0.0,0,0.0,0.0,0,0,0.0,0,0.0,0,0.0,0,0,0,0,0.0,0,0.0,0,0.0,0,0,0,300,1.1866666,244,81.33,269.99,2606,7,318,1.235849,243,76.42,334.7,2945,16,119,1.3613446,76,63.87,861.68,915,8,737,1.2612867,563,76.39,488.79,6466,31,0,0,0,2693918,197,2667200,198,2705130,400,200,190,Ultimate Explorer Elite,0,0,0,21,18,0.85714287,100,1,Champion,1928,Champion,,,1,8,Champion,Champion,,18,10-22-2024 22:52:45
n1vl3m,2023-04-13,True,Unlimited,True,False,pin/15b92501ef9cbed9b6b942b2fd434c67.png,center-center,False,pin/ce40fb98f69bb03e5a845f94b931133d.png,0,/user/6437f59bc75e5c79df30befd,6437f59bc75e5c79df30befd,Sweden,101,50,,,0,436471,101,432140,102,443590,310,110,0,0,0,0,1420,1921,17,50,1100,1500,True,2023-04-13T16:44:14.7760000Z,2023-04-13T16:44:14.7760000Z,False,False,,pin/ce40fb98f69bb03e5a845f94b931133d.png,False,,,0,False,False,1,1,1.0,139,107,0.76978415,100,79,0.79,240,187,0.77916664,157,2.4585986,57,36.31,662.47,1393,111,2.5135136,49,44.14,803,71.11,0,0,0,0,0.0,0,0.0,0,0.0,0,0,0,625,1.3968,377,60.32,860.87,4658,22,83,1.2048193,66,79.52,225.34,734,7,201,1.1144278,178,88.56,435.75,1452,25,909,1.2386824,621,68.32,507.32,6844,54,0,0,0,436471,101,432140,102,443590,310,110,100,Master Explorer Pro,0,0,0,254,231,0.9094488,302,1,Champion,1927,Champion,,,1,3,Champion,Champion,,19,10-22-2024 22:52:45
Sadziu,2019-02-11,True,Pro,True,True,pin/b7b35005d9f2e33b19c4d8dc1ac0a4c6.png,center-center,False,pin/16c3bf7635b6f8c03a03d1428816d496.png,0,/user/5c61c05b3d925ba81408c135,5c61c05b3d925ba81408c135,Poland,167,50,,,0,1707682,167,1686710,168,1714730,370,170,2,6,37,0,1424,1925,-15,50,1100,1500,True,2000-01-01T00:00:00.0000000Z,2000-01-01T00:00:00.0000000Z,False,False,,pin/16c3bf7635b6f8c03a03d1428816d496.png,False,,,2,False,False,1,1,1.0,383,258,0.6736292,209,141,0.67464113,593,400,0.6745362,983,3.4628687,310,31.54,797.83,7707,1245,3.3301206,452,36.31,4680,77.88,18,3,2,66,2.1969697,33,0.5,1188,0.72390574,12,3,0,1554,1.2754183,1126,72.46,452.86,12924,20,668,1.3248503,451,67.51,387.5,6226,30,642,1.334891,427,66.51,623.02,5099,50,2864,1.3117199,2004,69.97,487.79,24249,100,7,0,0,1707682,167,1686710,168,1714730,370,170,160,Ultimate Explorer,37,6,2,14,14,1.0,508,1,Champion,1927,Champion,1866,,1,7,Champion,Champion,,20,10-22-2024 22:52:45
Topotic (YT),2015-12-21,True,Unlimited,True,True,pin/887fbcea50a568b0b404ddfa3d25ca29.png,center-center,False,pin/d3bb0a150822b09a63fb7416fb28b314.png,0,/user/567821da838cda2a54dc799b,567821da838cda2a54dc799b,Spain,157,50,,,0,1431811,157,1423030,158,1448070,360,160,0,1,13,0,1311,1812,16,50,1100,1500,True,2000-01-01T00:00:00.0000000Z,2000-01-01T00:00:00.0000000Z,False,False,,pin/d3bb0a150822b09a63fb7416fb28b314.png,False,,,6,True,False,0,0,0.0,21,16,0.7619048,7,4,0.5714286,28,20,0.71428573,328,1.8932927,201,61.28,366.57,2809,1567,2.8219528,952,60.75,2563,87.9,10,1,0,2,2.0,1,0.5,14,0.85714287,1,0,0,878,1.1047837,786,89.52,226.0,7167,58,248,1.2741935,180,72.58,352.26,2321,20,39,1.1538461,33,84.62,508.94,308,2,1165,1.1776077,999,85.75,362.4,9796,80,2,0,0,1431811,157,1423030,158,1448070,360,160,150,Supreme Explorer Elite,13,1,0,0,0,0.0,1203,1,Champion,1923,Champion,,1848,1,3,Champion,Champion,,21,10-22-2024 22:52:45
HAHAHAHAHAHAHAHAHAHAHAHAH,2023-03-14,True,Unlimited,True,False,pin/55638ad67267e122616d630f612ffae6.png,center-center,False,pin/d324634d2f84631c3cdf3acbec66ea1d.png,0,/user/6410a90ab7012221f8923290,6410a90ab7012221f8923290,United States of America,65,50,,,0,137514,65,132110,66,137570,200,70,0,0,0,0,1396,1897,-15,50,1100,1500,True,2024-10-22T15:43:27.5760000Z,2024-10-22T15:43:27.5760000Z,False,False,2024-11-21T15:43:27.5760000Z,pin/d324634d2f84631c3cdf3acbec66ea1d.png,False,,,0,False,False,23,22,0.95652175,39,31,0.7948718,56,45,0.8035714,118,98,0.8305085,8,2.5,4,50.0,1092.75,55,8,1.0,8,100.0,66,96.97,0,0,0,0,0.0,0,0.0,0,0.0,0,0,0,422,1.1279621,368,87.2,208.0,3486,27,143,1.3636364,91,63.64,318.38,1310,6,389,1.2699229,284,73.01,475.55,3256,39,954,1.2538404,743,77.88,333.98,8052,72,0,0,0,137514,65,132110,66,137570,200,70,63,Pathfinder,0,0,0,1,1,1.0,156,1,Champion,1917,Champion,,,1,4,Champion,Champion,1910,22,10-22-2024 22:52:45
Strefan,2016-09-28,True,Pro,True,True,pin/c00313729b373b82ee32c449eb2b0c9c.png,center-center,False,pin/fe11f42fd4341c2bd6d4090f1b0948c7.png,0,/user/57ebb537a52b273ab0162ed8,57ebb537a52b273ab0162ed8,Poland,146,50,,,0,1178726,146,1166190,147,1188160,350,150,0,0,0,0,1318,1819,-12,50,1100,1500,True,2000-01-01T00:00:00.0000000Z,2000-01-01T00:00:00.0000000Z,False,False,,pin/fe11f42fd4341c2bd6d4090f1b0948c7.png,False,,,2,False,False,1,0,0.0,51,30,0.5882353,2,0,0.0,54,30,0.5555556,15,3.3333333,3,20.0,1107.0,109,62,2.6612904,30,48.39,114,71.93,0,0,0,0,0.0,0,0.0,0,0.0,0,0,0,762,1.3792651,473,62.07,584.77,6399,15,282,1.3439716,185,65.6,324.96,2663,6,258,1.3527132,167,64.73,637.03,2141,14,1302,1.3586498,825,63.36,515.59,11203,35,0,0,0,1178726,146,1166190,147,1188160,350,150,140,Supreme Explorer Pro,0,0,0,0,0,0.0,220,1,Champion,1915,Champion,1914,,1,15,Champion,Champion,,23,10-22-2024 22:52:45
jul,2020-07-09,True,Pro,True,True,pin/97b0aaa4a01aa448678e9126377e9d1a.png,center-center,False,pin/9ed27dc37cb845369fc5a87c31898261.png,0,/user/5f07412b8551644f80314987,5f07412b8551644f80314987,United States of America,130,50,,,0,858041,130,850350,131,868190,340,140,2,5,69,0,1333,1834,20,50,1100,1500,True,2024-08-02T14:41:27.7800000Z,2024-08-02T14:41:27.7800000Z,False,False,,pin/9ed27dc37cb845369fc5a87c31898261.png,False,,,2,False,False,5,3,0.6,129,89,0.68992245,87,53,0.6091954,221,145,0.6561086,201,2.7761195,84,41.79,899.5,1014,1248,2.9334936,530,42.47,2366,68.39,29,5,2,20,1.5,14,0.7,228,0.71929824,4,0,0,1299,1.2655889,954,73.44,619.54,10487,16,1772,1.3544018,1144,64.56,402.4,16613,69,253,1.3003953,177,69.96,688.92,1857,24,3324,1.3067952,2275,68.44,570.29,28957,109,36,0,0,858041,130,850350,131,868190,340,140,130,Supreme Explorer,69,5,2,38,32,0.84210527,403,1,Champion,1914,Champion,1871,,1,10,Champion,Champion,,24,10-22-2024 22:52:45
Hcthebro,2024-02-22,True,Unlimited,False,False,pin/7ca880f2a0a835b2bc2f48d431d5ecaf.png,center-center,False,pin/9de9d910e3bd487907810871deb82f59.png,0,/user/65d77394197bdc9932c618de,65d77394197bdc9932c618de,Denmark,61,50,,,0,115711,61,111710,62,116600,190,70,0,0,0,0,1212,1713,16,50,1100,1500,True,2024-02-22T16:22:43.2450000Z,2024-02-22T16:22:43.2450000Z,False,False,,pin/9de9d910e3bd487907810871deb82f59.png,False,,,0,False,False,7,1,0.14285715,62,37,0.5967742,53,26,0.49056605,122,64,0.52459013,2,5.5,0,0.0,397.86,18,0,0.0,0,0.0,0,0.0,0,0,0,0,0.0,0,0.0,0,0.0,0,0,0,48,1.1458334,41,85.42,285.47,358,7,557,1.3464991,364,65.35,413.17,4991,34,378,1.3968254,228,60.32,775.54,2871,34,983,1.2963859,633,64.39,491.39,8220,75,0,0,0,115711,61,111710,62,116600,190,70,60,Rookie Pathfinder,0,0,0,25,21,0.84,232,1,Champion,1910,Champion,1916,1724,1,27,Champion,Champion,,25,10-22-2024 22:52:45
豆豆冖,2023-06-14,True,Unlimited,False,False,pin/2c09e974ff3a7d8e1f43649533bc0fab.png,center-center,False,pin/b26b435f1c356797b8e603df44a6cba7.png,0,/user/64899fdf6552c09cf38d9d8e,64899fdf6552c09cf38d9d8e,China,117,50,,,0,651649,117,639950,118,654760,320,120,0,0,0,0,1311,1812,22,50,1100,1500,True,2000-01-01T00:00:00.0000000Z,2000-01-01T00:00:00.0000000Z,False,False,,pin/b26b435f1c356797b8e603df44a6cba7.png,False,,,0,False,False,0,0,0.0,48,31,0.6458333,30,25,0.8333333,78,56,0.71794873,9,2.3333333,5,55.56,781.88,80,5,2.2,2,40.0,26,61.54,0,0,0,0,0.0,0,0.0,0,0.0,0,0,0,502,1.3804781,311,61.95,526.65,3689,13,420,1.3190476,286,68.1,425.39,3562,35,580,1.3362069,385,66.38,673.61,4632,47,1502,1.345244,982,65.38,541.88,11883,95,0,0,0,651649,117,639950,118,654760,320,120,110,Master Explorer Supreme,0,0,0,73,67,0.91780823,259,1,Champion,1900,Champion,1727,1869,1,24,Champion,Champion,,26,10-22-2024 22:52:45
즉석 반주,2020-03-19,True,Pro,True,False,pin/23f55f4429015d21df7e1616b35e3521.png,center-center,False,pin/d74537a127e1997137713f3a8e88c445.png,0,/user/5e730243cd30756270994780,5e730243cd30756270994780,Georgia,126,50,,,0,793328,126,781390,127,798270,330,130,0,1,1,0,1114,1615,-11,50,1100,1500,True,2024-09-24T22:55:35.6030000Z,2024-09-24T22:55:35.6030000Z,False,False,2024-10-24T22:55:35.6030000Z,pin/d74537a127e1997137713f3a8e88c445.png,False,,,0,False,False,13,11,0.84615386,155,100,0.6451613,69,49,0.71014494,237,160,0.6751055,11,2.0,9,81.82,1178.63,84,80,4.7,14,17.5,444,52.25,1,1,0,0,0.0,0,0.0,0,0.0,0,0,0,139,1.3453237,91,65.47,848.79,829,3,67,1.4328358,38,56.72,555.16,562,2,239,1.3807532,148,61.92,906.09,1796,11,445,1.3863043,277,62.25,770.02,3187,16,0,0,0,793328,126,781390,127,798270,330,130,120,Master Explorer Elite,1,1,0,54,50,0.9259259,871,1,Champion,1898,Champion,1871,1810,1,25,Champion,Champion,,27,10-22-2024 22:52:45
草,2024-07-27,True,Unlimited,False,False,pin/f9e9883ce7acbd24e8f445994a88e5dd.png,center-center,False,pin/169ef3b3ccb68a466a404807fb92e1ae.png,0,/user/66a56f2cc2261859d8858e3a,66a56f2cc2261859d8858e3a,Japan,35,50,,,0,27320,35,26990,36,28940,110,40,0,0,0,0,502,1003,3,40,850,1100,True,2024-10-09T07:22:56.6920000Z,2024-10-09T07:22:56.6920000Z,False,False,2024-11-08T07:22:56.6920000Z,pin/169ef3b3ccb68a466a404807fb92e1ae.png,False,,,0,False,False,2,2,1.0,23,18,0.7826087,3,3,1.0,28,23,0.8214286,0,0.0,0,0.0,0.0,0,0,0.0,0,0.0,0,0.0,0,0,0,0,0.0,0,0.0,0,0.0,0,0,0,67,1.0149254,66,98.51,150.64,291,32,136,1.125,119,87.5,274.46,982,34,44,1.4545455,24,54.55,523.15,393,2,247,1.198157,209,84.62,316.08,1666,68,0,0,0,27320,35,26990,36,28940,110,40,33,Seeker,0,0,0,0,0,0.0,4,1,Champion,1893,Champion,1899,1772,2,1,Master I,Master,,28,10-22-2024 22:52:45
GeoBlaze (YT),2021-12-13,True,Unlimited,False,False,pin/451628d004c5981813a0395f2a25ca13.png,center-center,False,pin/c5c3973fcc31ae3a19d4ceaf116a16b8.png,0,/user/61b6a6ff69180a000188aa94,61b6a6ff69180a000188aa94,United States of America,124,50,,,0,762700,124,748340,125,764750,330,130,0,0,0,0,951,1452,21,50,1100,1500,True,2024-10-17T18:27:20.1360000Z,2024-10-17T18:27:20.1360000Z,False,False,2024-11-16T18:27:20.1360000Z,pin/c5c3973fcc31ae3a19d4ceaf116a16b8.png,False,,,0,False,False,2,1,0.5,5,3,0.6,0,0,0.0,7,4,0.5714286,273,2.4175825,129,47.25,773.12,2324,742,3.0822103,314,42.32,4711,58.71,0,0,0,0,0.0,0,0.0,0,0.0,0,0,0,126,1.3571428,81,64.29,1784.59,698,14,201,1.3333334,134,66.67,618.38,1718,4,4,1.5,2,50.0,1405.26,26,0,331,1.3968254,217,65.56,1269.41,2442,18,0,0,0,762700,124,748340,125,764750,330,130,120,Master Explorer Elite,0,0,0,816,621,0.7610294,160,1,Champion,1892,Champion,1867,,1,28,Champion,Champion,,29,10-22-2024 22:52:45
yark,2022-07-02,True,Pro,True,False,pin/55a12efc10c113fd06dd5ff4289290d2.png,center-center,False,pin/55a045487866f9d7fd7ba67a124958fb.png,0,/user/62c0257a2e7b083b8fb3ffdf,62c0257a2e7b083b8fb3ffdf,Estonia,195,50,,,0,2595182,195,2592410,196,2629630,400,200,0,0,0,0,1327,1828,8,50,1100,1500,True,2023-12-24T09:32:43.2870000Z,2023-12-24T09:32:43.2870000Z,False,False,,pin/55a045487866f9d7fd7ba67a124958fb.png,False,,,0,False,False,0,0,0.0,41,25,0.6097561,12,10,0.8333333,53,35,0.6603774,50,2.88,20,40.0,1050.16,467,228,3.881579,66,28.95,1600,58.06,0,0,0,0,0.0,0,0.0,0,0.0,0,0,0,313,1.4824281,162,51.76,1300.05,1231,19,205,1.2439024,155,75.61,391.99,1639,26,110,1.3090909,76,69.09,528.64,856,9,628,1.3451405,393,62.58,740.23,3726,54,0,0,0,2595182,195,2592410,196,2629630,400,200,190,Ultimate Explorer Elite,0,0,0,58,57,0.98275864,229,1,Champion,1891,Champion,,,1,12,Champion,Champion,,30,10-22-2024 22:52:45
General Tso,2023-11-14,True,Unlimited,False,False,pin/384f92451026dd5399de2e69f1601aab.png,center-center,False,pin/4f4d5520e8fa9e2aae8bb26564655aee.png,0,/user/6553e007360ba66e08c0d272,6553e007360ba66e08c0d272,China,52,50,,,0,73769,52,73610,53,77340,160,60,0,0,0,0,1306,1807,15,50,1100,1500,True,2024-10-14T08:53:44.4400000Z,2024-10-14T08:53:44.4400000Z,False,False,2024-11-13T08:53:44.4400000Z,pin/4f4d5520e8fa9e2aae8bb26564655aee.png,False,,,0,False,False,2,2,1.0,15,10,0.6666667,4,4,1.0,21,16,0.7619048,0,0.0,0,0.0,0.0,0,0,0.0,0,0.0,0,0.0,0,0,0,0,0.0,0,0.0,0,0.0,0,0,0,271,1.0590405,255,94.1,169.2,2249,52,385,1.4415585,215,55.84,389.72,3869,8,3,1.3333334,2,66.67,1179.41,14,1,659,1.2779775,472,71.62,579.44,6132,61,0,0,0,73769,52,73610,53,77340,160,60,50,Rookie Expeditioner,0,0,0,0,0,0.0,52,1,Champion,1888,Champion,1862,,1,12,Champion,Champion,,31,10-22-2024 22:52:45
Moo,2021-02-28,True,Pro,True,True,pin/b0484afc6eb3d670b8c7c0d09e294646.png,center-center,False,pin/1aa1ddaa2a6f5eeb7ead3f7bceb706b2.png,0,/user/603b1b0d5cdb1b0001bbf19e,603b1b0d5cdb1b0001bbf19e,Canada,147,50,,,0,1197238,147,1188160,148,1210400,350,150,0,0,0,0,1261,1762,-18,50,1100,1500,True,2000-01-01T00:00:00.0000000Z,2000-01-01T00:00:00.0000000Z,False,False,,pin/1aa1ddaa2a6f5eeb7ead3f7bceb706b2.png,False,,,2,False,False,15,10,0.6666667,185,135,0.7297297,71,49,0.69014084,271,194,0.71586716,81,3.2469137,32,39.51,456.63,576,674,3.0964391,289,42.88,3220,69.69,0,0,0,20,1.3,15,0.75,275,0.6909091,0,0,0,1066,1.2551595,794,74.48,434.43,8954,12,614,1.3094462,424,69.06,352.97,5641,25,117,1.3760684,73,62.39,655.35,1018,6,1797,1.313558,1291,71.84,480.92,15613,43,0,0,0,1197238,147,1188160,148,1210400,350,150,140,Supreme Explorer Pro,0,0,0,26,23,0.88461536,1310,1,Champion,1881,Champion,1831,1839,1,3,Champion,Champion,1800,32,10-22-2024 22:52:45
Harrier (YT),2021-01-10,True,Pro,True,True,pin/2b08b3480547bc42c6ae9e4421cd5de1.png,center-center,False,pin/51a280fd9092cff989efb66be1201323.png,0,/user/5ffb2e6d415d4d000165f5dd,5ffb2e6d415d4d000165f5dd,United Kingdom,192,50,,,0,2511947,192,2482850,193,2519020,400,200,0,3,3,0,997,1498,-27,50,1100,1500,True,2000-01-01T00:00:00.0000000Z,2000-01-01T00:00:00.0000000Z,False,False,,pin/51a280fd9092cff989efb66be1201323.png,False,,,6,True,False,11,7,0.6363636,112,92,0.8214286,48,37,0.7708333,171,136,0.79532164,163,2.981595,51,31.29,552.01,1498,1743,2.7745266,745,42.74,8195,76.74,2,2,0,45,1.6888889,30,0.6666667,1077,0.6638811,1,1,0,1103,1.2275612,852,77.24,374.72,8386,14,133,1.3082707,92,69.17,359.8,1251,4,137,1.2773722,99,72.26,692.26,1066,14,1373,1.271068,1043,75.97,475.59,10703,32,0,0,0,2511947,192,2482850,193,2519020,400,200,190,Ultimate Explorer Elite,3,3,0,50,45,0.9,474,1,Champion,1879,Champion,1858,,1,16,Champion,Champion,,33,10-22-2024 22:52:45
Jerome,2022-07-27,True,Pro,True,False,pin/9a184e65cb828ba32e20aedd72fdb2a2.png,center-center,False,pin/8deb87eddf4ff61a14b8bee1836b4d14.png,0,/user/62e14841f938d5507c4d31f6,62e14841f938d5507c4d31f6,Netherlands,189,50,,,0,2384057,189,2376400,190,2411540,390,190,0,0,0,0,1419,1920,15,50,1100,1500,True,2022-09-18T07:25:27.5640000Z,2022-09-18T07:25:27.5640000Z,False,False,,pin/8deb87eddf4ff61a14b8bee1836b4d14.png,False,,,0,False,False,1,0,0.0,212,134,0.6320755,139,97,0.6978417,352,231,0.65625,49,4.2244897,7,14.29,2028.81,296,72,4.611111,13,18.06,446,48.88,0,0,0,0,0.0,0,0.0,0,0.0,0,0,0,2834,1.4220183,1638,57.8,645.3,24110,29,2589,1.3572809,1664,64.27,420.25,23513,124,5422,1.4328661,3075,56.71,687.06,45912,204,10845,1.404055,6377,58.8,584.2,93535,357,0,0,0,2384057,189,2376400,190,2411540,390,190,180,Ultimate Explorer Supreme,0,0,0,0,0,0.0,308,1,Champion,1874,Champion,1803,1842,1,3,Champion,Champion,,34,10-22-2024 22:52:45
Doctor El Doret,2022-03-21,True,Unlimited,False,False,pin/94f5c7bbe1e0ff691338b35fcbe80dc3.png,center-center,False,pin/0182e13af3bb7ec845358019adae53aa.png,0,/user/6238ed45585d3a1784ef7ef6,6238ed45585d3a1784ef7ef6,Croatia,50,50,,,0,67754,50,66510,51,70000,160,60,0,0,0,0,983,1484,-14,50,1100,1500,True,2024-10-18T11:48:10.6490000Z,2024-10-18T11:48:10.6490000Z,False,False,2024-11-17T11:48:10.6490000Z,pin/0182e13af3bb7ec845358019adae53aa.png,False,,,0,False,False,18,13,0.7222222,84,60,0.71428573,84,65,0.77380955,186,138,0.7419355,2,6.0,0,0.0,108.97,16,4,2.5,2,50.0,18,94.44,0,0,0,1,4.0,0,0.0,0,0.0,0,0,0,272,1.1727941,225,82.72,455.81,1755,7,151,1.357616,97,64.24,297.07,1299,8,148,1.3648648,94,63.51,522.9,1180,4,571,1.298425,416,72.85,425.26,4234,19,0,0,0,67754,50,66510,51,70000,160,60,50,Rookie Expeditioner,0,0,0,0,0,0.0,85,1,Champion,1873,Champion,1771,1822,1,16,Champion,Champion,,35,10-22-2024 22:52:45
liv,2020-12-11,True,Pro,True,False,pin/823d06c015605be0251ab274049e3fb3.png,center-center,False,pin/50ad736c0a3ed9cee0dddbe58b9dca11.png,0,/user/5fd306b5b69a0e0001217db9,5fd306b5b69a0e0001217db9,Australia,86,50,,,0,285384,86,279970,87,288900,260,90,0,0,1,0,804,1305,11,50,1100,1500,True,2024-08-14T07:45:39.6890000Z,2024-08-14T07:45:39.6890000Z,False,False,,pin/50ad736c0a3ed9cee0dddbe58b9dca11.png,False,2024-02-06T15:14:37.5720000Z,,0,False,False,2,2,1.0,88,60,0.6818182,113,89,0.7876106,203,151,0.74384236,71,5.7746477,5,7.04,2165.91,166,467,5.194861,34,7.28,61,57.38,0,0,0,0,0.0,0,0.0,0,0.0,0,0,0,95,1.4105263,56,58.95,1660.23,486,1,13,1.0,13,100.0,204.13,76,6,121,1.1900827,98,80.99,501.91,942,18,229,1.200203,167,72.93,788.76,1504,25,1,0,0,285384,86,279970,87,288900,260,90,83,Globetrotter,1,0,0,0,0,0.0,80,1,Champion,1871,Champion,,1846,1,62,Champion,Champion,,36,10-22-2024 22:52:45
repler,2022-04-04,True,Pro,True,False,pin/5f35a9877441497983bfd32a28e31667.png,center-center,False,pin/06554394303fa0b9b25059ff4bd6075e.png,0,/user/624b0f92227874e6a1e26994,624b0f92227874e6a1e26994,Australia,200,50,,,0,4385331,200,2782050,200,2782050,410,200,0,0,2,0,1269,1770,9,50,1100,1500,True,2024-03-29T05:40:48.4730000Z,2024-03-29T05:40:48.4730000Z,False,False,,pin/06554394303fa0b9b25059ff4bd6075e.png,False,,,0,False,False,7,3,0.42857143,26,17,0.65384614,13,6,0.46153846,46,26,0.5652174,37,4.0540543,10,27.03,1247.88,229,230,5.121739,28,12.17,1265,49.8,0,0,0,0,0.0,0,0.0,0,0.0,0,0,0,598,1.3311037,400,66.89,622.71,4697,2,603,1.2587065,447,74.13,353.54,5437,51,177,1.3615819,113,63.84,607.32,1486,10,1378,1.3171307,960,69.67,527.86,11620,63,2,0,0,4385331,200,2782050,200,2782050,410,200,200,Ultimate Master Explorer,2,0,0,1,1,1.0,3438,1,Champion,1866,Champion,1829,,1,15,Champion,Champion,,37,10-22-2024 22:52:45
zi8gzag,2019-08-09,True,Pro,True,True,pin/8be46ab8f7d47895f4f0a391f87ffe06.png,center-center,False,pin/88b58daa81ba926c26e2dd23f54a54dd.png,0,/user/5d4d5d831d34a0315c277ad7,5d4d5d831d34a0315c277ad7,Australia,200,50,,,0,3371314,200,2782050,200,2782050,410,200,1,1,2,0,1298,1799,16,50,1100,1500,True,2022-10-08T05:18:15.5750000Z,2022-10-08T05:18:15.5750000Z,False,False,,pin/88b58daa81ba926c26e2dd23f54a54dd.png,False,,,6,True,False,3,0,0.0,21,14,0.6666667,22,14,0.6363636,46,28,0.6086956,49,3.7755103,10,20.41,1005.64,294,289,3.3460207,103,35.64,276,61.96,2,1,0,1,3.0,0,0.0,6,1.0,0,0,1,543,1.2412523,412,75.87,476.25,4344,0,21,1.0952381,19,90.48,303.43,152,4,175,1.2742857,127,72.57,448.76,1447,12,739,1.203592,558,75.51,409.48,5943,16,0,0,0,3371314,200,2782050,200,2782050,410,200,200,Ultimate Master Explorer,2,1,1,5,4,0.8,338,1,Champion,1866,Champion,,1879,1,16,Champion,Champion,,38,10-22-2024 22:52:45
Salex,2020-06-01,True,Unlimited,True,False,pin/bc3cf79d7ee23bf4de90a4004b94ce4c.png,center-center,False,pin/c03d5733cd0cfef54dd84269b8814505.png,0,/user/5ed51eab282ad28b94ff9efc,5ed51eab282ad28b94ff9efc,France,165,50,,,0,1634556,165,1631590,166,1659000,370,170,1,1,10,0,1301,1802,-18,50,1100,1500,True,2023-03-26T13:34:02.8950000Z,2023-03-26T13:34:02.8950000Z,False,False,,pin/c03d5733cd0cfef54dd84269b8814505.png,False,,,0,False,False,31,16,0.516129,156,103,0.6602564,109,63,0.57798165,296,182,0.6148649,178,2.511236,79,44.38,686.99,1227,474,3.8902953,158,33.33,836,73.92,1,1,1,1,1.0,1,1.0,19,0.84210527,1,0,0,1064,1.2471805,801,75.28,411.01,8271,18,724,1.429558,413,57.04,473.44,6618,25,65,1.5076923,32,49.23,1067.32,519,3,1853,1.3948103,1246,67.24,650.59,15408,46,8,0,0,1634556,165,1631590,166,1659000,370,170,160,Ultimate Explorer,10,1,1,49,46,0.93877554,594,1,Champion,1864,Champion,1804,1801,1,24,Champion,Champion,1776,39,10-22-2024 22:52:45
Trichter33,2021-02-05,True,Unlimited,True,True,pin/62e25938f2ec03fa30975696b2f3db35.png,center-center,False,pin/14e4a1b15576de8e0804e137e5e2f881.png,0,/user/601d95ba49c0980001a824b8,601d95ba49c0980001a824b8,Belgium,176,50,,,0,1957512,176,1950030,177,1980860,380,180,1,3,99,0,1336,1837,13,50,1100,1500,True,2000-01-01T00:00:00.0000000Z,2000-01-01T00:00:00.0000000Z,False,False,,pin/14e4a1b15576de8e0804e137e5e2f881.png,False,,,2,False,False,3,3,1.0,26,20,0.7692308,18,17,0.9444444,47,40,0.85106385,737,1.9199457,438,59.43,590.59,3241,972,2.0823045,572,58.85,3372,76.93,81,3,1,0,0.0,0,0.0,0,0.0,0,0,0,334,1.1227545,293,87.72,360.97,2331,0,327,1.4250765,188,57.49,391.84,3123,13,314,1.3535032,203,64.65,557.6,2694,16,975,1.3004447,684,70.15,436.8,8148,29,18,0,0,1957512,176,1950030,177,1980860,380,180,170,Ultimate Explorer Pro,99,3,1,0,0,0.0,305,1,Champion,1861,Champion,,1848,1,11,Champion,Champion,,40,10-22-2024 22:52:45
Debre,2017-10-01,True,Elite,True,True,pin/972c37db2983ec51177f552ab4aafb93.png,center-center,False,pin/57d86d351626fded54a4e3b3206baf3f.png,0,/user/59d0b74bd8fe1d5b30651962,59d0b74bd8fe1d5b30651962,Hungary,154,50,,,0,1356834,154,1349620,155,1373800,360,160,0,0,0,0,1262,1763,-20,50,1100,1500,True,2022-08-23T17:38:51.3410000Z,2022-08-23T17:38:51.3410000Z,False,False,,pin/57d86d351626fded54a4e3b3206baf3f.png,False,,,3,False,False,0,0,0.0,3,1,0.33333334,31,20,0.6451613,34,21,0.61764705,19,1.9473684,11,57.89,429.61,142,248,1.8629032,178,71.77,394,85.03,0,0,0,0,0.0,0,0.0,0,0.0,0,0,0,3343,1.1121747,2968,88.78,226.64,28198,223,1514,1.3428005,995,65.72,318.98,14809,57,1278,1.316119,874,68.39,531.93,10915,73,6135,1.2570313,4837,78.84,359.18,53922,353,0,0,0,1356834,154,1349620,155,1373800,360,160,150,Supreme Explorer Elite,0,0,0,2,2,1.0,779,1,Champion,1860,Champion,1895,1852,1,1,Champion,Champion,1925,41,10-22-2024 22:52:45
i recovered from this,2022-12-25,True,Elite,False,False,pin/544e8af032d42fa641b1819904333b5f.png,center-center,False,pin/690230e750c8366788cd884efd9bf1be.png,0,/user/63a87fb6607e3e4aa65962a6,63a87fb6607e3e4aa65962a6,United Kingdom,151,50,,,0,1282189,151,1278760,152,1302100,360,160,0,0,0,0,1112,1613,-16,50,1100,1500,True,2024-10-21T14:45:45.5720000Z,2024-10-21T14:45:45.5720000Z,False,False,2024-11-20T14:45:45.5720000Z,pin/690230e750c8366788cd884efd9bf1be.png,False,,,1,False,False,7,3,0.42857143,185,123,0.66486484,102,61,0.5980392,294,187,0.6360544,105,2.2285714,53,50.48,543.49,1041,1000,2.021,543,54.3,8355,74.28,0,0,0,0,0.0,0,0.0,0,0.0,0,0,0,1560,1.4596153,843,54.04,717.56,12124,83,762,1.5288714,359,47.11,721.41,6391,17,187,1.5561497,83,44.39,1350.2,1327,6,2509,1.5148787,1285,51.22,929.73,19842,106,0,0,0,1282189,151,1278760,152,1302100,360,160,150,Supreme Explorer Elite,0,0,0,421,382,0.9073634,724,1,Champion,1860,Champion,1844,,1,15,Champion,Champion,,42,10-22-2024 22:52:45
Kapten,2018-02-28,True,Pro,True,False,pin/5fbd6fdd6e8d26b5569a13cae141ffe5.png,center-center,False,pin/7937211f66da5c480883b12ce5fe6e8d.png,0,/user/5a973147afad0f2a68438531,5a973147afad0f2a68438531,Sweden,153,50,,,0,1333169,153,1325720,154,1349620,360,160,0,0,1,0,1289,1790,-6,50,1100,1500,True,2000-01-01T00:00:00.0000000Z,2000-01-01T00:00:00.0000000Z,False,False,,pin/7937211f66da5c480883b12ce5fe6e8d.png,False,,,0,False,False,4,3,0.75,97,55,0.5670103,28,15,0.53571427,129,73,0.56589144,349,2.0888252,204,58.45,653.98,1588,767,2.422425,394,51.37,1614,79.31,1,0,0,13,1.0,13,1.0,206,0.74271846,0,0,0,1000,1.204,796,79.6,382.01,7675,15,173,1.3063583,120,69.36,353.37,1662,7,76,1.2368422,58,76.32,638.48,555,8,1249,1.2490668,974,77.98,457.95,9892,30,0,0,0,1333169,153,1325720,154,1349620,360,160,150,Supreme Explorer Elite,1,0,0,7,6,0.85714287,185,1,Champion,1859,Champion,1842,,1,2,Champion,Champion,,43,10-22-2024 22:52:45
Ricky Beast,2021-01-04,True,Pro,True,True,pin/89448887df0bc8f19f3643673f3406af.png,center-center,False,pin/6e8dab3a67b7cce21d951214a0dbb46e.png,0,/user/5ff33554455e6800011e3146,5ff33554455e6800011e3146,Portugal,193,50,,,0,2554434,193,2519020,194,2555540,400,200,3,11,134,0,1268,1769,-15,50,1100,1500,True,2000-01-01T00:00:00.0000000Z,2000-01-01T00:00:00.0000000Z,False,False,,pin/6e8dab3a67b7cce21d951214a0dbb46e.png,False,,,2,False,False,0,0,0.0,7,3,0.42857143,0,0,0.0,7,3,0.42857143,214,1.8084112,116,54.21,603.57,2773,295,1.4813559,234,79.32,2043,79.1,75,10,3,20,1.25,17,0.85,342,0.75438595,11,1,0,962,1.1403327,827,85.97,577.77,6577,7,220,1.3,154,70.0,365.28,2094,11,66,1.2424242,50,75.76,672.89,453,5,1248,1.2275857,1031,82.61,538.65,9124,23,48,0,0,2554434,193,2519020,194,2555540,400,200,190,Ultimate Explorer Elite,134,11,3,2,2,1.0,417,1,Champion,1856,Champion,,1781,1,16,Champion,Champion,1756,44,10-22-2024 22:52:45
layla-swan,2024-07-09,True,Unlimited,False,False,pin/bb5e660edc1f6b39a83c961d0f15e616.png,center-center,False,pin/ac7dfa18f408dd04003ebbbda509aecd.png,0,/user/668c9b26577f7110580dde37,668c9b26577f7110580dde37,Brazil,45,50,,,0,51645,45,50750,46,53680,140,50,0,0,0,0,616,1117,14,50,1100,1500,True,2024-08-08T03:00:20.9850000Z,2024-08-08T03:00:20.9850000Z,False,False,,pin/ac7dfa18f408dd04003ebbbda509aecd.png,False,,,0,False,False,0,0,0.0,0,0,0.0,0,0,0.0,0,0,0.0,0,0.0,0,0.0,0.0,0,0,0.0,0,0.0,0,0.0,0,0,0,0,0.0,0,0.0,0,0.0,0,0,0,54,1.0925926,49,90.74,319.33,251,26,259,1.2934363,183,70.66,450.51,2060,33,92,1.3913044,56,60.87,596.13,797,4,405,1.259111,288,71.11,455.32,3108,63,0,0,0,51645,45,50750,46,53680,140,50,43,Voyager,0,0,0,0,0,0.0,5,1,Champion,1852,Champion,1837,1726,1,38,Champion,Champion,,45,10-22-2024 22:52:45
Ralius,2017-10-27,True,Unlimited,True,False,pin/aee80ed95852ac6f03c9bd48d58720c8.png,center-center,False,pin/6470343e428c1054522409f6ca7005ec.png,0,/user/59f2e54b9a0834a8a01f7877,59f2e54b9a0834a8a01f7877,Netherlands,149,50,,,0,1238809,149,1232910,150,1255700,350,150,0,0,0,0,1237,1738,17,50,1100,1500,True,2023-07-05T17:04:15.9310000Z,2023-07-05T17:04:15.9310000Z,False,False,,pin/6470343e428c1054522409f6ca7005ec.png,False,,,0,False,False,0,0,0.0,16,9,0.5625,9,3,0.33333334,25,12,0.48,32,2.96875,12,37.5,1760.26,337,13,3.4615386,3,23.08,111,61.26,0,0,0,0,0.0,0,0.0,0,0.0,0,0,0,613,1.2022839,489,79.77,409.68,4985,12,70,1.3142858,48,68.57,284.77,711,1,5,1.2,4,80.0,644.96,42,0,688,1.2388566,541,78.63,446.47,5738,13,0,0,0,1238809,149,1232910,150,1255700,350,150,140,Supreme Explorer Pro,0,0,0,0,0,0.0,767,1,Champion,1852,Champion,1795,,1,40,Champion,Champion,,46,10-22-2024 22:52:45
Jamabi,2020-03-04,True,Pro,True,True,pin/383433933fc28a2f3c140f26fecd2cd6.png,center-center,False,pin/86108e4685fe7942fc11874a03dd13d3.png,0,/user/5e5fcc1326bbda5284e824cf,5e5fcc1326bbda5284e824cf,Germany,200,50,,,0,2934357,200,2782050,200,2782050,410,200,3,12,107,0,1158,1659,23,50,1100,1500,True,2000-01-01T00:00:00.0000000Z,2000-01-01T00:00:00.0000000Z,False,False,,pin/86108e4685fe7942fc11874a03dd13d3.png,False,,,2,False,False,13,10,0.7692308,77,52,0.6753247,45,27,0.6,135,89,0.65925926,485,2.3319588,240,49.48,524.17,3618,1945,2.8133676,852,43.8,4077,76.6,45,11,3,5,1.4,3,0.6,75,0.82666665,3,1,0,4150,1.1426506,3558,85.73,420.8,26218,19,183,1.3989071,110,60.11,364.21,1802,5,574,1.3118467,395,68.82,651.88,4637,42,4907,1.2844682,4063,82.8,478.97,32657,66,59,0,0,2934357,200,2782050,200,2782050,410,200,200,Ultimate Master Explorer,107,12,3,47,44,0.9361702,627,1,Champion,1851,Champion,1830,1739,1,53,Champion,Champion,,47,10-22-2024 22:52:45
Yanek,2020-03-06,True,Unlimited,True,True,pin/62c22b88ef2a3313428a7f4f8502618a.png,center-center,False,pin/bc0c4665bc309ea6c13821b9f1ed0450.png,0,/user/5e625daa90d6cfa438a867a6,5e625daa90d6cfa438a867a6,Germany,200,50,,,0,2835327,200,2782050,200,2782050,410,200,1,1,1,0,1353,1854,-19,50,1100,1500,True,2024-02-11T11:50:15.3360000Z,2024-02-11T11:50:15.3360000Z,False,False,,pin/bc0c4665bc309ea6c13821b9f1ed0450.png,False,,,2,False,False,26,18,0.6923077,287,169,0.5888502,81,55,0.67901236,394,242,0.61421317,21,3.4285715,7,33.33,1766.14,170,561,5.0962567,68,12.12,1612,54.34,0,1,1,0,0.0,0,0.0,0,0.0,0,0,0,1031,1.3414161,679,65.86,656.85,7894,3,1268,1.3998423,761,60.02,433.05,11716,43,989,1.4014156,592,59.86,734.3,8018,57,3288,1.3808913,2032,61.8,608.07,27628,103,1,0,0,2835327,200,2782050,200,2782050,410,200,200,Ultimate Master Explorer,1,1,1,12,11,0.9166667,674,1,Champion,1850,Champion,1858,1739,1,6,Champion,Champion,1580,48,10-22-2024 22:52:45
flawless,2022-08-23,True,Elite,False,False,pin/7d301c7513af06be59ba906599ae035f.png,center-center,False,pin/84ec057a5f729aaa4b57fd719cbe183c.png,0,/user/6304f3b9295af5437f551e21,6304f3b9295af5437f551e21,Canada,82,50,,,0,252414,82,246080,83,254280,250,90,0,0,0,0,1322,1823,-19,50,1100,1500,True,2024-06-10T03:04:53.9320000Z,2024-06-10T03:04:53.9320000Z,False,False,,pin/84ec057a5f729aaa4b57fd719cbe183c.png,False,,,1,False,False,0,0,0.0,3,3,1.0,0,0,0.0,3,3,1.0,0,0.0,0,0.0,0.0,0,2,1.5,1,50.0,11,54.55,0,0,0,0,0.0,0,0.0,0,0.0,0,0,0,60,1.0666667,56,93.33,153.9,282,28,443,1.4153498,259,58.47,398.39,4163,18,212,1.4292452,121,57.08,664.43,1845,9,715,1.3037539,436,60.98,405.57,6290,55,0,0,0,252414,82,246080,83,254280,250,90,80,Rookie Globetrotter,0,0,0,0,0,0.0,178,1,Champion,1849,Champion,1776,1855,1,8,Champion,Champion,,49,10-22-2024 22:52:45
Lennli,2018-07-13,True,Pro,True,True,pin/f88ae556eb32f0b7797bdd1fa898590e.png,center-center,False,pin/ca43bedf4ba9d593d35370ee4b99f5af.png,0,/user/5b4899f5b56fe41a1831bba4,5b4899f5b56fe41a1831bba4,Germany,171,50,,,0,1828731,171,1800620,172,1829870,380,180,0,1,11,0,1291,1792,13,50,1100,1500,True,2023-10-04T13:31:57.2290000Z,2023-10-04T13:31:57.2290000Z,False,False,,pin/ca43bedf4ba9d593d35370ee4b99f5af.png,False,,,6,True,False,3,3,1.0,49,34,0.6938776,29,18,0.62068963,81,55,0.67901236,95,1.6315789,63,66.32,330.64,1209,437,1.8581235,309,70.71,1315,86.24,10,1,0,3,2.6666667,1,0.33333334,70,0.71428573,1,0,0,1561,1.1319667,1355,86.8,305.74,12566,39,569,1.3462214,372,65.38,371.42,5442,25,220,1.4090909,130,59.09,730.33,1885,15,2350,1.2957597,1857,79.02,469.16,19893,79,0,0,0,1828731,171,1800620,172,1829870,380,180,170,Ultimate Explorer Pro,11,1,0,11,11,1.0,780,1,Champion,1847,Champion,1843,1737,1,2,Champion,Champion,,50,10-22-2024 22:52:45
Harmless,2021-01-22,True,Unlimited,True,True,pin/3c430f9167158188bd5dc77e031f46d4.png,center-center,False,pin/38ee18f450fdd211ffbc4a29149ab8d3.png,0,/user/600b1c06de99f700014330f6,600b1c06de99f700014330f6,Norway,200,50,,,0,3311598,200,2782050,200,2782050,410,200,0,0,5,0,1350,1851,-22,50,1100,1500,True,2024-02-28T14:08:21.1980000Z,2024-02-28T14:08:21.1980000Z,False,False,,pin/38ee18f450fdd211ffbc4a29149ab8d3.png,False,,,2,False,False,0,0,0.0,144,98,0.6805556,2,1,0.5,146,99,0.67808217,154,2.5,67,43.51,292.08,714,2950,1.8681356,2003,67.9,5973,85.94,5,0,0,3,1.3333334,2,0.6666667,50,0.78,0,0,0,1563,1.0953295,1414,90.47,247.66,11452,43,774,1.2041343,616,79.59,284.13,7041,55,1,1.0,1,100.0,406.04,5,1,2338,1.0998213,2031,86.87,312.61,18498,99,0,0,0,3311598,200,2782050,200,2782050,410,200,200,Ultimate Master Explorer,5,0,0,44,43,0.97727275,1798,1,Champion,1844,Champion,1821,,1,4,Champion,Champion,,51,10-22-2024 22:52:45
VehicleRonald,2022-04-29,True,Unlimited,False,False,pin/6e12bfedfaecb409ab8bd22dd26553f7.png,center-center,False,pin/d191fb462a7ff1f889e6e599d42f1d2c.png,0,/user/626be1db347a090f4e84683f,626be1db347a090f4e84683f,Russian Federation,200,50,,,0,2843934,200,2782050,200,2782050,410,200,0,0,0,0,1144,1645,11,50,1100,1500,True,2022-04-29T13:12:03.3030000Z,2022-04-29T13:12:03.3030000Z,False,False,,pin/d191fb462a7ff1f889e6e599d42f1d2c.png,False,,,0,False,False,0,0,0.0,110,66,0.6,67,49,0.73134327,177,115,0.6497175,2,1.0,2,100.0,291.56,27,100,1.59,74,74.0,820,78.41,0,0,0,0,0.0,0,0.0,0,0.0,0,0,0,819,1.1709402,679,82.91,594.01,5838,6,251,1.3266932,169,67.33,354.0,2413,11,326,1.3742331,204,62.58,762.75,2669,23,1396,1.2906221,1052,75.36,570.25,10920,40,0,0,0,2843934,200,2782050,200,2782050,410,200,200,Ultimate Master Explorer,0,0,0,503,492,0.97813123,1597,1,Champion,1839,Champion,1657,1825,1,41,Champion,Champion,,52,10-22-2024 22:52:45
Bastel,2016-08-17,True,Unlimited,True,True,pin/ec61c21ec48758e8df6c6551842bab37.png,center-center,False,pin/d637dfc3040e8add6eb9e196216e9d96.png,0,/user/57b4d8cb750837606cdd7602,57b4d8cb750837606cdd7602,France,184,50,,,0,2237185,184,2205790,185,2239240,390,190,0,0,50,0,1325,1826,27,50,1100,1500,True,2000-01-01T00:00:00.0000000Z,2000-01-01T00:00:00.0000000Z,False,False,,pin/d637dfc3040e8add6eb9e196216e9d96.png,False,,,2,False,False,21,14,0.6666667,63,31,0.4920635,37,12,0.3243243,121,57,0.47107437,1189,1.7947855,745,62.66,489.55,8839,1895,2.1530342,1092,57.63,4611,81.41,34,0,0,37,1.2702702,29,0.7837838,758,0.76649076,7,0,0,7631,1.162233,6393,83.78,309.31,65702,201,385,1.4727273,203,52.73,627.5,3222,15,166,1.620482,63,37.95,1259.68,1232,3,8182,1.4184808,6659,81.39,732.16,70156,219,9,0,0,2237185,184,2205790,185,2239240,390,190,180,Ultimate Explorer Supreme,50,0,0,11,10,0.90909094,7243,1,Champion,1838,Champion,1353,1525,1,2,Champion,Champion,1828,53,10-22-2024 22:52:45
Daiiono,2020-12-22,True,Elite,True,True,pin/9a3a69237f7f5d494a5242a6aa32a2f8.png,center-center,False,pin/f029e9538286e2b556b1d6d51988e8da.png,0,/user/5fe17b0ef3881a000180878c,5fe17b0ef3881a000180878c,United States of America,182,50,,,0,2165477,182,2139880,183,2172670,390,190,0,1,0,0,1173,1674,-22,50,1100,1500,True,2024-03-05T17:32:55.9350000Z,2024-03-05T17:32:55.9350000Z,False,False,,pin/f029e9538286e2b556b1d6d51988e8da.png,False,,,7,True,False,16,6,0.375,179,104,0.5810056,160,98,0.6125,355,208,0.5859155,79,2.4683545,37,46.84,303.33,554,1058,3.5359168,368,34.78,1015,86.8,0,1,0,0,0.0,0,0.0,0,0.0,0,0,0,845,1.1869823,687,81.3,360.35,5960,4,206,1.4271845,118,57.28,467.97,1868,4,1048,1.3282443,704,67.18,649.19,8330,79,2099,1.314137,1509,71.89,492.5,16158,87,0,0,0,2165477,182,2139880,183,2172670,390,190,180,Ultimate Explorer Supreme,0,1,0,0,0,0.0,677,1,Champion,1837,Champion,1658,1789,1,12,Champion,Champion,,54,10-22-2024 22:52:45
ecco2klover,2022-04-18,True,Pro,True,False,pin/dbd826c5b6a83662c5d806c94c81288d.png,center-center,False,pin/e6e8a32464bb49c1fe0d1bad60d7352b.png,0,/user/625cb938dc7c030734972dde,625cb938dc7c030734972dde,Tunisia,82,50,,,0,249326,82,246080,83,254280,250,90,0,0,2,0,1060,1561,9,50,1100,1500,True,2024-09-07T07:55:53.2890000Z,2024-09-07T07:55:53.2890000Z,False,False,,pin/e6e8a32464bb49c1fe0d1bad60d7352b.png,False,2024-06-03T18:34:44.7120000Z,,0,False,False,1,0,0.0,18,14,0.7777778,5,1,0.2,24,15,0.625,0,0.0,0,0.0,0.0,0,4,2.0,2,50.0,32,78.12,0,0,0,1,1.0,1,1.0,26,0.5769231,1,0,0,286,1.2902098,203,70.98,519.09,2293,2,356,1.3455056,233,65.45,589.45,2900,34,189,1.3439153,124,65.61,692.26,1513,11,831,1.3265436,560,67.39,600.27,6706,47,1,0,0,249326,82,246080,83,254280,250,90,80,Rookie Globetrotter,2,0,0,0,0,0.0,46,1,Champion,1836,Champion,1715,1770,1,43,Champion,Champion,,55,10-22-2024 22:52:45
